<?xml version="1.0" encoding="UTF-8"?>
<project-private xmlns="http://www.netbeans.org/ns/project-private/1">
    <editor-bookmarks xmlns="http://www.netbeans.org/ns/editor-bookmarks/2" lastBookmarkId="0"/>
    <open-files xmlns="http://www.netbeans.org/ns/projectui-open-files/2">
        <group>
            <file>file:/home/b/benaissm/Bureau/COURS/MASTER1/SEMESTRE1/CO/CO_TP2Note/Cadeau/src/cadeau/Product.java</file>
            <file>file:/home/b/benaissm/Bureau/COURS/MASTER1/SEMESTRE1/CO/CO_TP2Note/Cadeau/src/cadeau/Livre.java</file>
            <file>file:/home/b/benaissm/Bureau/COURS/MASTER1/SEMESTRE1/CO/CO_TP2Note/Cadeau/src/cadeau/Cadeau.java</file>
            <file>file:/home/b/benaissm/Bureau/COURS/MASTER1/SEMESTRE1/CO/CO_TP2Note/Cadeau/src/cadeau/BoiteCaviar.java</file>
        </group>
    </open-files>
</project-private>
